"From","To","Sum"
"Austria","Albania",23
"Azerbaijan","Albania",28
"Belarus","Albania",7
"Belgium","Albania",22
"Bosnia & Herzegovina","Albania",21
"Bulgaria","Albania",11
"Croatia","Albania",32
"Cyprus","Albania",12
"Czech Republic","Albania",6
"Denmark","Albania",16
"Estonia","Albania",1
"F.Y.R. Macedonia/North Macedonia","Albania",93
"Finland","Albania",9
"France","Albania",2
"Georgia","Albania",7
"Germany","Albania",12
"Greece","Albania",76
"Hungary","Albania",20
"Iceland","Albania",21
"Ireland","Albania",4
"Italy","Albania",13
"Latvia","Albania",2
"Malta","Albania",25
"Moldova","Albania",1
"Montenegro","Albania",52
"Netherlands","Albania",2
"Norway","Albania",3
"Poland","Albania",9
"Portugal","Albania",10
"Romania","Albania",10
"Russia","Albania",3
"San Marino","Albania",24
"Serbia","Albania",2
"Serbia & Montenegro","Albania",16
"Slovenia","Albania",17
"Sweden","Albania",9
"Switzerland","Albania",51
"Turkey","Albania",31
"United Kingdom","Albania",9
"Albania","Armenia",23
"Austria","Armenia",26
"Belarus","Armenia",45
"Belgium","Armenia",51
"Bosnia & Herzegovina","Armenia",8
"Bulgaria","Armenia",67
"Croatia","Armenia",4
"Cyprus","Armenia",48
"Czech Republic","Armenia",44
"Denmark","Armenia",3
"Estonia","Armenia",8
"F.Y.R. Macedonia/North Macedonia","Armenia",17
"Finland","Armenia",6
"France","Armenia",82
"Georgia","Armenia",81
"Germany","Armenia",24
"Greece","Armenia",61
"Hungary","Armenia",13
"Iceland","Armenia",8
"Ireland","Armenia",6
"Israel","Armenia",49
"Italy","Armenia",17
"Latvia","Armenia",18
"Lithuania","Armenia",9
"Malta","Armenia",15
"Moldova","Armenia",34
"Montenegro","Armenia",25
"Netherlands","Armenia",58
"Norway","Armenia",4
"Poland","Armenia",38
"Portugal","Armenia",9
"Romania","Armenia",25
"Russia","Armenia",79
"San Marino","Armenia",19
"Serbia","Armenia",14
"Slovakia","Armenia",7
"Slovenia","Armenia",12
"Spain","Armenia",57
"Sweden","Armenia",17
"Switzerland","Armenia",5
"Turkey","Armenia",44
"Ukraine","Armenia",46
"United Kingdom","Armenia",3
"Albania","Austria",5
"Armenia","Austria",7
"Azerbaijan","Austria",1
"Belarus","Austria",14
"Belgium","Austria",127
"Bosnia & Herzegovina","Austria",35
"Bulgaria","Austria",29
"Croatia","Austria",11
"Cyprus","Austria",53
"Czech Republic","Austria",9
"Denmark","Austria",89
"Estonia","Austria",37
"F.Y.R. Macedonia/North Macedonia","Austria",5
"Finland","Austria",60
"France","Austria",93
"Georgia","Austria",26
"Germany","Austria",89
"Greece","Austria",82
"Hungary","Austria",29
"Iceland","Austria",66
"Ireland","Austria",102
"Israel","Austria",66
"Italy","Austria",82
"Latvia","Austria",28
"Lithuania","Austria",35
"Luxembourg","Austria",27
"Malta","Austria",40
"Moldova","Austria",12
"Monaco","Austria",26
"Montenegro","Austria",3
"Netherlands","Austria",76
"Norway","Austria",57
"Poland","Austria",26
"Portugal","Austria",84
"Romania","Austria",22
"Russia","Austria",9
"San Marino","Austria",7
"Serbia","Austria",14
"Slovakia","Austria",6
"Slovenia","Austria",42
"Spain","Austria",89
"Sweden","Austria",93
"Switzerland","Austria",76
"Turkey","Austria",71
"Ukraine","Austria",15
"United Kingdom","Austria",126
"Yugoslavia","Austria",41
"Albania","Azerbaijan",38
"Andorra","Azerbaijan",7
"Armenia","Azerbaijan",1
"Austria","Azerbaijan",24
"Belarus","Azerbaijan",57
"Belgium","Azerbaijan",30
"Bosnia & Herzegovina","Azerbaijan",26
"Bulgaria","Azerbaijan",53
"Croatia","Azerbaijan",27
"Cyprus","Azerbaijan",61
"Czech Republic","Azerbaijan",37
"Denmark","Azerbaijan",14
"Estonia","Azerbaijan",23
"F.Y.R. Macedonia/North Macedonia","Azerbaijan",25
"Finland","Azerbaijan",12
"France","Azerbaijan",21
"Georgia","Azerbaijan",87
"Germany","Azerbaijan",11
"Greece","Azerbaijan",65
"Hungary","Azerbaijan",57
"Iceland","Azerbaijan",23
"Ireland","Azerbaijan",16
"Israel","Azerbaijan",49
"Italy","Azerbaijan",19
"Latvia","Azerbaijan",21
"Lithuania","Azerbaijan",56
"Malta","Azerbaijan",67
"Moldova","Azerbaijan",74
"Montenegro","Azerbaijan",32
"Netherlands","Azerbaijan",23
"Norway","Azerbaijan",22
"Poland","Azerbaijan",32
"Portugal","Azerbaijan",28
"Romania","Azerbaijan",39
"Russia","Azerbaijan",102
"San Marino","Azerbaijan",44
"Serbia","Azerbaijan",27
"Slovakia","Azerbaijan",17
"Slovenia","Azerbaijan",15
"Spain","Azerbaijan",35
"Sweden","Azerbaijan",33
"Switzerland","Azerbaijan",11
"Turkey","Azerbaijan",60
"Ukraine","Azerbaijan",86
"United Kingdom","Azerbaijan",19
"Albania","Belarus",2
"Armenia","Belarus",24
"Austria","Belarus",7
"Azerbaijan","Belarus",27
"Bosnia & Herzegovina","Belarus",4
"Bulgaria","Belarus",4
"Croatia","Belarus",5
"Cyprus","Belarus",6
"Czech Republic","Belarus",2
"Estonia","Belarus",8
"F.Y.R. Macedonia/North Macedonia","Belarus",12
"Georgia","Belarus",25
"Greece","Belarus",9
"Hungary","Belarus",12
"Iceland","Belarus",4
"Israel","Belarus",17
"Latvia","Belarus",10
"Lithuania","Belarus",11
"Malta","Belarus",14
"Moldova","Belarus",25
"Montenegro","Belarus",7
"Poland","Belarus",7
"Portugal","Belarus",1
"Romania","Belarus",1
"Russia","Belarus",33
"Serbia","Belarus",2
"Ukraine","Belarus",42
"United Kingdom","Belarus",1
"Albania","Belgium",8
"Andorra","Belgium",1
"Armenia","Belgium",8
"Austria","Belgium",64
"Azerbaijan","Belgium",3
"Belarus","Belgium",12
"Bosnia & Herzegovina","Belgium",10
"Bulgaria","Belgium",16
"Croatia","Belgium",6
"Cyprus","Belgium",54
"Czech Republic","Belgium",11
"Denmark","Belgium",72
"Estonia","Belgium",40
"F.Y.R. Macedonia/North Macedonia","Belgium",16
"Finland","Belgium",95
"France","Belgium",135
"Georgia","Belgium",28
"Germany","Belgium",103
"Greece","Belgium",72
"Hungary","Belgium",19
"Iceland","Belgium",42
"Ireland","Belgium",132
"Israel","Belgium",79
"Italy","Belgium",68
"Latvia","Belgium",32
"Lithuania","Belgium",39
"Luxembourg","Belgium",65
"Malta","Belgium",20
"Moldova","Belgium",10
"Monaco","Belgium",37
"Montenegro","Belgium",9
"Netherlands","Belgium",167
"Norway","Belgium",84
"Poland","Belgium",59
"Portugal","Belgium",123
"Romania","Belgium",21
"Russia","Belgium",36
"San Marino","Belgium",25
"Serbia","Belgium",20
"Slovakia","Belgium",17
"Slovenia","Belgium",38
"Spain","Belgium",116
"Sweden","Belgium",74
"Switzerland","Belgium",76
"Turkey","Belgium",63
"Ukraine","Belgium",28
"United Kingdom","Belgium",124
"Yugoslavia","Belgium",42
"Albania","Bosnia & Herzegovina",48
"Armenia","Bosnia & Herzegovina",6
"Austria","Bosnia & Herzegovina",74
"Azerbaijan","Bosnia & Herzegovina",5
"Belarus","Bosnia & Herzegovina",4
"Belgium","Bosnia & Herzegovina",8
"Bulgaria","Bosnia & Herzegovina",13
"Croatia","Bosnia & Herzegovina",144
"Cyprus","Bosnia & Herzegovina",2
"Czech Republic","Bosnia & Herzegovina",5
"Denmark","Bosnia & Herzegovina",49
"F.Y.R. Macedonia/North Macedonia","Bosnia & Herzegovina",66
"Finland","Bosnia & Herzegovina",25
"France","Bosnia & Herzegovina",39
"Germany","Bosnia & Herzegovina",35
"Greece","Bosnia & Herzegovina",9
"Hungary","Bosnia & Herzegovina",1
"Iceland","Bosnia & Herzegovina",8
"Ireland","Bosnia & Herzegovina",8
"Israel","Bosnia & Herzegovina",2
"Italy","Bosnia & Herzegovina",7
"Lithuania","Bosnia & Herzegovina",4
"Malta","Bosnia & Herzegovina",18
"Moldova","Bosnia & Herzegovina",5
"Monaco","Bosnia & Herzegovina",16
"Montenegro","Bosnia & Herzegovina",35
"Netherlands","Bosnia & Herzegovina",45
"Norway","Bosnia & Herzegovina",52
"Poland","Bosnia & Herzegovina",9
"Portugal","Bosnia & Herzegovina",2
"Romania","Bosnia & Herzegovina",7
"Russia","Bosnia & Herzegovina",6
"Serbia","Bosnia & Herzegovina",61
"Serbia & Montenegro","Bosnia & Herzegovina",22
"Slovakia","Bosnia & Herzegovina",18
"Slovenia","Bosnia & Herzegovina",100
"Spain","Bosnia & Herzegovina",11
"Sweden","Bosnia & Herzegovina",74
"Switzerland","Bosnia & Herzegovina",56
"Turkey","Bosnia & Herzegovina",129
"Ukraine","Bosnia & Herzegovina",10
"United Kingdom","Bosnia & Herzegovina",4
"Albania","Bulgaria",22
"Armenia","Bulgaria",11
"Austria","Bulgaria",27
"Azerbaijan","Bulgaria",16
"Belarus","Bulgaria",13
"Belgium","Bulgaria",26
"Bosnia & Herzegovina","Bulgaria",9
"Croatia","Bulgaria",23
"Cyprus","Bulgaria",22
"Czech Republic","Bulgaria",17
"Denmark","Bulgaria",17
"Estonia","Bulgaria",26
"F.Y.R. Macedonia/North Macedonia","Bulgaria",30
"Finland","Bulgaria",31
"France","Bulgaria",20
"Georgia","Bulgaria",16
"Germany","Bulgaria",12
"Greece","Bulgaria",22
"Hungary","Bulgaria",20
"Iceland","Bulgaria",14
"Ireland","Bulgaria",31
"Israel","Bulgaria",16
"Italy","Bulgaria",2
"Latvia","Bulgaria",16
"Lithuania","Bulgaria",11
"Malta","Bulgaria",27
"Moldova","Bulgaria",33
"Montenegro","Bulgaria",9
"Netherlands","Bulgaria",10
"Norway","Bulgaria",26
"Poland","Bulgaria",11
"Portugal","Bulgaria",25
"Romania","Bulgaria",17
"Russia","Bulgaria",10
"San Marino","Bulgaria",5
"Serbia","Bulgaria",22
"Slovenia","Bulgaria",25
"Spain","Bulgaria",20
"Sweden","Bulgaria",13
"Switzerland","Bulgaria",21
"Turkey","Bulgaria",6
"Ukraine","Bulgaria",4
"United Kingdom","Bulgaria",30
"Albania","Croatia",2
"Armenia","Croatia",2
"Austria","Croatia",42
"Azerbaijan","Croatia",6
"Belarus","Croatia",5
"Belgium","Croatia",18
"Bosnia & Herzegovina","Croatia",105
"Bulgaria","Croatia",2
"Cyprus","Croatia",33
"Czech Republic","Croatia",8
"Estonia","Croatia",14
"F.Y.R. Macedonia/North Macedonia","Croatia",62
"Finland","Croatia",11
"France","Croatia",23
"Georgia","Croatia",3
"Germany","Croatia",43
"Greece","Croatia",31
"Hungary","Croatia",7
"Iceland","Croatia",28
"Ireland","Croatia",24
"Israel","Croatia",30
"Latvia","Croatia",12
"Lithuania","Croatia",12
"Malta","Croatia",68
"Moldova","Croatia",3
"Monaco","Croatia",11
"Montenegro","Croatia",15
"Netherlands","Croatia",12
"Norway","Croatia",26
"Poland","Croatia",20
"Portugal","Croatia",33
"Romania","Croatia",17
"Russia","Croatia",17
"Serbia","Croatia",16
"Serbia & Montenegro","Croatia",25
"Slovakia","Croatia",27
"Slovenia","Croatia",105
"Spain","Croatia",33
"Sweden","Croatia",10
"Switzerland","Croatia",40
"Turkey","Croatia",50
"Ukraine","Croatia",23
"United Kingdom","Croatia",16
"Albania","Cyprus",41
"Andorra","Cyprus",4
"Armenia","Cyprus",25
"Austria","Cyprus",17
"Azerbaijan","Cyprus",9
"Belarus","Cyprus",28
"Belgium","Cyprus",47
"Bulgaria","Cyprus",17
"Croatia","Cyprus",39
"Denmark","Cyprus",65
"Estonia","Cyprus",24
"F.Y.R. Macedonia/North Macedonia","Cyprus",17
"Finland","Cyprus",67
"France","Cyprus",36
"Georgia","Cyprus",13
"Germany","Cyprus",41
"Greece","Cyprus",275
"Hungary","Cyprus",13
"Iceland","Cyprus",58
"Ireland","Cyprus",60
"Israel","Cyprus",52
"Italy","Cyprus",26
"Latvia","Cyprus",18
"Lithuania","Cyprus",12
"Luxembourg","Cyprus",8
"Malta","Cyprus",93
"Moldova","Cyprus",13
"Monaco","Cyprus",2
"Montenegro","Cyprus",6
"Netherlands","Cyprus",55
"Norway","Cyprus",63
"Poland","Cyprus",20
"Portugal","Cyprus",35
"Romania","Cyprus",29
"Russia","Cyprus",42
"San Marino","Cyprus",10
"Serbia","Cyprus",8
"Serbia & Montenegro","Cyprus",4
"Slovakia","Cyprus",17
"Slovenia","Cyprus",22
"Spain","Cyprus",70
"Sweden","Cyprus",66
"Switzerland","Cyprus",45
"Turkey","Cyprus",1
"Ukraine","Cyprus",4
"United Kingdom","Cyprus",78
"Yugoslavia","Cyprus",52
"Albania","Czech Republic",1
"Armenia","Czech Republic",10
"Austria","Czech Republic",15
"Belarus","Czech Republic",6
"Belgium","Czech Republic",18
"Bosnia & Herzegovina","Czech Republic",6
"Bulgaria","Czech Republic",8
"Croatia","Czech Republic",21
"Cyprus","Czech Republic",6
"Estonia","Czech Republic",8
"F.Y.R. Macedonia/North Macedonia","Czech Republic",4
"Finland","Czech Republic",15
"France","Czech Republic",13
"Georgia","Czech Republic",12
"Germany","Czech Republic",5
"Greece","Czech Republic",2
"Hungary","Czech Republic",14
"Iceland","Czech Republic",20
"Ireland","Czech Republic",12
"Israel","Czech Republic",7
"Italy","Czech Republic",11
"Latvia","Czech Republic",3
"Lithuania","Czech Republic",7
"Malta","Czech Republic",8
"Moldova","Czech Republic",8
"Montenegro","Czech Republic",1
"Netherlands","Czech Republic",12
"Norway","Czech Republic",16
"Poland","Czech Republic",4
"Portugal","Czech Republic",17
"Romania","Czech Republic",8
"Serbia","Czech Republic",8
"Slovenia","Czech Republic",21
"Spain","Czech Republic",10
"Sweden","Czech Republic",12
"Switzerland","Czech Republic",12
"Ukraine","Czech Republic",12
"United Kingdom","Czech Republic",1
"Albania","Denmark",3
"Andorra","Denmark",8
"Armenia","Denmark",10
"Austria","Denmark",81
"Azerbaijan","Denmark",9
"Belarus","Denmark",8
"Belgium","Denmark",85
"Bosnia & Herzegovina","Denmark",8
"Bulgaria","Denmark",9
"Croatia","Denmark",27
"Cyprus","Denmark",49
"Czech Republic","Denmark",8
"Estonia","Denmark",67
"F.Y.R. Macedonia/North Macedonia","Denmark",21
"Finland","Denmark",87
"France","Denmark",105
"Georgia","Denmark",15
"Germany","Denmark",112
"Greece","Denmark",39
"Hungary","Denmark",47
"Iceland","Denmark",182
"Ireland","Denmark",125
"Israel","Denmark",104
"Italy","Denmark",62
"Latvia","Denmark",65
"Lithuania","Denmark",21
"Luxembourg","Denmark",37
"Malta","Denmark",51
"Moldova","Denmark",15
"Monaco","Denmark",14
"Montenegro","Denmark",19
"Netherlands","Denmark",129
"Norway","Denmark",206
"Poland","Denmark",49
"Portugal","Denmark",61
"Romania","Denmark",34
"Russia","Denmark",27
"San Marino","Denmark",7
"Serbia","Denmark",15
"Slovakia","Denmark",13
"Slovenia","Denmark",71
"Spain","Denmark",83
"Sweden","Denmark",195
"Switzerland","Denmark",37
"Turkey","Denmark",25
"Ukraine","Denmark",13
"United Kingdom","Denmark",127
"Yugoslavia","Denmark",7
"Albania","Estonia",12
"Armenia","Estonia",3
"Austria","Estonia",28
"Azerbaijan","Estonia",12
"Belarus","Estonia",15
"Belgium","Estonia",14
"Bosnia & Herzegovina","Estonia",18
"Croatia","Estonia",23
"Cyprus","Estonia",20
"Czech Republic","Estonia",11
"Denmark","Estonia",54
"F.Y.R. Macedonia/North Macedonia","Estonia",20
"Finland","Estonia",87
"France","Estonia",31
"Georgia","Estonia",17
"Germany","Estonia",51
"Greece","Estonia",22
"Hungary","Estonia",21
"Iceland","Estonia",60
"Ireland","Estonia",68
"Israel","Estonia",36
"Italy","Estonia",29
"Latvia","Estonia",97
"Lithuania","Estonia",61
"Malta","Estonia",36
"Moldova","Estonia",39
"Montenegro","Estonia",6
"Netherlands","Estonia",44
"Norway","Estonia",39
"Poland","Estonia",55
"Portugal","Estonia",36
"Romania","Estonia",20
"Russia","Estonia",38
"San Marino","Estonia",15
"Serbia","Estonia",21
"Slovakia","Estonia",30
"Slovenia","Estonia",54
"Spain","Estonia",36
"Sweden","Estonia",79
"Switzerland","Estonia",20
"Turkey","Estonia",22
"Ukraine","Estonia",13
"United Kingdom","Estonia",70
"Albania","F.Y.R. Macedonia/North Macedonia",42
"Armenia","F.Y.R. Macedonia/North Macedonia",17
"Austria","F.Y.R. Macedonia/North Macedonia",13
"Azerbaijan","F.Y.R. Macedonia/North Macedonia",8
"Belarus","F.Y.R. Macedonia/North Macedonia",12
"Bosnia & Herzegovina","F.Y.R. Macedonia/North Macedonia",43
"Bulgaria","F.Y.R. Macedonia/North Macedonia",25
"Croatia","F.Y.R. Macedonia/North Macedonia",67
"Cyprus","F.Y.R. Macedonia/North Macedonia",5
"Czech Republic","F.Y.R. Macedonia/North Macedonia",12
"Denmark","F.Y.R. Macedonia/North Macedonia",10
"Finland","F.Y.R. Macedonia/North Macedonia",8
"France","F.Y.R. Macedonia/North Macedonia",7
"Georgia","F.Y.R. Macedonia/North Macedonia",1
"Germany","F.Y.R. Macedonia/North Macedonia",7
"Greece","F.Y.R. Macedonia/North Macedonia",1
"Hungary","F.Y.R. Macedonia/North Macedonia",10
"Iceland","F.Y.R. Macedonia/North Macedonia",8
"Ireland","F.Y.R. Macedonia/North Macedonia",5
"Italy","F.Y.R. Macedonia/North Macedonia",11
"Latvia","F.Y.R. Macedonia/North Macedonia",8
"Malta","F.Y.R. Macedonia/North Macedonia",9
"Moldova","F.Y.R. Macedonia/North Macedonia",12
"Monaco","F.Y.R. Macedonia/North Macedonia",1
"Montenegro","F.Y.R. Macedonia/North Macedonia",25
"Netherlands","F.Y.R. Macedonia/North Macedonia",3
"Norway","F.Y.R. Macedonia/North Macedonia",10
"Poland","F.Y.R. Macedonia/North Macedonia",8
"Portugal","F.Y.R. Macedonia/North Macedonia",5
"Romania","F.Y.R. Macedonia/North Macedonia",32
"Russia","F.Y.R. Macedonia/North Macedonia",11
"San Marino","F.Y.R. Macedonia/North Macedonia",1
"Serbia","F.Y.R. Macedonia/North Macedonia",34
"Serbia & Montenegro","F.Y.R. Macedonia/North Macedonia",27
"Slovakia","F.Y.R. Macedonia/North Macedonia",4
"Slovenia","F.Y.R. Macedonia/North Macedonia",40
"Switzerland","F.Y.R. Macedonia/North Macedonia",25
"Turkey","F.Y.R. Macedonia/North Macedonia",24
"Ukraine","F.Y.R. Macedonia/North Macedonia",6
"United Kingdom","F.Y.R. Macedonia/North Macedonia",12
"Albania","Finland",3
"Andorra","Finland",21
"Armenia","Finland",8
"Austria","Finland",43
"Azerbaijan","Finland",3
"Belarus","Finland",8
"Belgium","Finland",59
"Bosnia & Herzegovina","Finland",11
"Bulgaria","Finland",9
"Croatia","Finland",17
"Cyprus","Finland",29
"Czech Republic","Finland",9
"Denmark","Finland",59
"Estonia","Finland",91
"F.Y.R. Macedonia/North Macedonia","Finland",13
"France","Finland",58
"Georgia","Finland",1
"Germany","Finland",68
"Greece","Finland",59
"Hungary","Finland",6
"Iceland","Finland",93
"Ireland","Finland",82
"Israel","Finland",80
"Italy","Finland",41
"Latvia","Finland",16
"Lithuania","Finland",19
"Luxembourg","Finland",36
"Malta","Finland",29
"Moldova","Finland",6
"Monaco","Finland",29
"Netherlands","Finland",68
"Norway","Finland",127
"Poland","Finland",24
"Portugal","Finland",33
"Romania","Finland",16
"Russia","Finland",8
"San Marino","Finland",7
"Serbia","Finland",23
"Serbia & Montenegro","Finland",7
"Slovenia","Finland",12
"Spain","Finland",52
"Sweden","Finland",135
"Switzerland","Finland",68
"Turkey","Finland",33
"Ukraine","Finland",7
"United Kingdom","Finland",78
"Yugoslavia","Finland",39
"Albania","France",45
"Andorra","France",26
"Armenia","France",63
"Austria","France",155
"Azerbaijan","France",5
"Belarus","France",7
"Belgium","France",158
"Bosnia & Herzegovina","France",55
"Bulgaria","France",12
"Croatia","France",49
"Cyprus","France",96
"Czech Republic","France",17
"Denmark","France",93
"Estonia","France",57
"F.Y.R. Macedonia/North Macedonia","France",16
"Finland","France",141
"Georgia","France",12
"Germany","France",171
"Greece","France",142
"Hungary","France",12
"Iceland","France",98
"Ireland","France",172
"Israel","France",141
"Italy","France",142
"Latvia","France",34
"Lithuania","France",61
"Luxembourg","France",121
"Malta","France",41
"Moldova","France",6
"Monaco","France",101
"Montenegro","France",9
"Netherlands","France",173
"Norway","France",169
"Poland","France",46
"Portugal","France",142
"Romania","France",14
"Russia","France",57
"San Marino","France",24
"Serbia","France",24
"Slovenia","France",40
"Spain","France",144
"Sweden","France",159
"Switzerland","France",190
"Turkey","France",38
"Ukraine","France",35
"United Kingdom","France",138
"Yugoslavia","France",88
"Armenia","Georgia",67
"Azerbaijan","Georgia",42
"Belarus","Georgia",34
"Belgium","Georgia",18
"Bosnia & Herzegovina","Georgia",5
"Bulgaria","Georgia",10
"Croatia","Georgia",9
"Cyprus","Georgia",13
"Czech Republic","Georgia",9
"Estonia","Georgia",22
"F.Y.R. Macedonia/North Macedonia","Georgia",5
"Finland","Georgia",7
"Germany","Georgia",8
"Greece","Georgia",32
"Hungary","Georgia",10
"Iceland","Georgia",2
"Ireland","Georgia",6
"Israel","Georgia",15
"Italy","Georgia",3
"Latvia","Georgia",14
"Lithuania","Georgia",65
"Malta","Georgia",5
"Moldova","Georgia",27
"Montenegro","Georgia",2
"Netherlands","Georgia",2
"Norway","Georgia",1
"Poland","Georgia",24
"Portugal","Georgia",1
"Russia","Georgia",45
"San Marino","Georgia",13
"Slovenia","Georgia",3
"Spain","Georgia",1
"Sweden","Georgia",6
"Switzerland","Georgia",1
"Turkey","Georgia",22
"Ukraine","Georgia",45
"United Kingdom","Georgia",12
"Albania","Germany",41
"Andorra","Germany",5
"Armenia","Germany",11
"Austria","Germany",138
"Azerbaijan","Germany",3
"Belarus","Germany",8
"Belgium","Germany",167
"Bosnia & Herzegovina","Germany",33
"Bulgaria","Germany",21
"Croatia","Germany",32
"Cyprus","Germany",52
"Czech Republic","Germany",1
"Denmark","Germany",181
"Estonia","Germany",48
"F.Y.R. Macedonia/North Macedonia","Germany",11
"Finland","Germany",95
"France","Germany",154
"Georgia","Germany",15
"Greece","Germany",35
"Hungary","Germany",23
"Iceland","Germany",69
"Ireland","Germany",160
"Israel","Germany",80
"Italy","Germany",104
"Latvia","Germany",44
"Lithuania","Germany",30
"Luxembourg","Germany",87
"Malta","Germany",37
"Moldova","Germany",6
"Monaco","Germany",60
"Netherlands","Germany",155
"Norway","Germany",114
"Poland","Germany",63
"Portugal","Germany",177
"Romania","Germany",34
"Russia","Germany",38
"San Marino","Germany",10
"Serbia","Germany",18
"Slovakia","Germany",19
"Slovenia","Germany",38
"Spain","Germany",231
"Sweden","Germany",145
"Switzerland","Germany",170
"Turkey","Germany",86
"Ukraine","Germany",10
"United Kingdom","Germany",168
"Yugoslavia","Germany",52
"Albania","Greece",130
"Andorra","Greece",21
"Armenia","Greece",76
"Austria","Greece",48
"Azerbaijan","Greece",51
"Belarus","Greece",33
"Belgium","Greece",99
"Bosnia & Herzegovina","Greece",42
"Bulgaria","Greece",107
"Croatia","Greece",52
"Cyprus","Greece",348
"Czech Republic","Greece",11
"Denmark","Greece",45
"Estonia","Greece",18
"F.Y.R. Macedonia/North Macedonia","Greece",34
"Finland","Greece",62
"France","Greece",109
"Georgia","Greece",22
"Germany","Greece",104
"Hungary","Greece",44
"Iceland","Greece",40
"Ireland","Greece",34
"Israel","Greece",88
"Italy","Greece",56
"Latvia","Greece",17
"Lithuania","Greece",19
"Luxembourg","Greece",29
"Malta","Greece",97
"Moldova","Greece",30
"Monaco","Greece",27
"Montenegro","Greece",28
"Netherlands","Greece",105
"Norway","Greece",76
"Poland","Greece",31
"Portugal","Greece",74
"Romania","Greece",108
"Russia","Greece",76
"San Marino","Greece",58
"Serbia","Greece",38
"Serbia & Montenegro","Greece",25
"Slovakia","Greece",18
"Slovenia","Greece",35
"Spain","Greece",130
"Sweden","Greece",66
"Switzerland","Greece",92
"Turkey","Greece",65
"Ukraine","Greece",28
"United Kingdom","Greece",124
"Yugoslavia","Greece",17
"Albania","Hungary",17
"Andorra","Hungary",12
"Austria","Hungary",24
"Azerbaijan","Hungary",22
"Belarus","Hungary",7
"Belgium","Hungary",14
"Bosnia & Herzegovina","Hungary",4
"Bulgaria","Hungary",11
"Croatia","Hungary",38
"Cyprus","Hungary",15
"Czech Republic","Hungary",13
"Denmark","Hungary",11
"Estonia","Hungary",36
"F.Y.R. Macedonia/North Macedonia","Hungary",11
"Finland","Hungary",49
"France","Hungary",19
"Georgia","Hungary",5
"Germany","Hungary",28
"Greece","Hungary",19
"Iceland","Hungary",44
"Ireland","Hungary",22
"Israel","Hungary",18
"Italy","Hungary",3
"Latvia","Hungary",9
"Lithuania","Hungary",11
"Malta","Hungary",6
"Moldova","Hungary",6
"Montenegro","Hungary",19
"Netherlands","Hungary",25
"Norway","Hungary",20
"Poland","Hungary",32
"Portugal","Hungary",11
"Romania","Hungary",47
"Russia","Hungary",15
"San Marino","Hungary",19
"Serbia","Hungary",34
"Serbia & Montenegro","Hungary",6
"Slovakia","Hungary",8
"Slovenia","Hungary",8
"Spain","Hungary",24
"Sweden","Hungary",35
"Switzerland","Hungary",21
"Turkey","Hungary",10
"Ukraine","Hungary",19
"United Kingdom","Hungary",12
"Albania","Iceland",6
"Andorra","Iceland",8
"Armenia","Iceland",5
"Austria","Iceland",49
"Belarus","Iceland",4
"Belgium","Iceland",50
"Bosnia & Herzegovina","Iceland",1
"Bulgaria","Iceland",5
"Croatia","Iceland",23
"Cyprus","Iceland",29
"Czech Republic","Iceland",14
"Denmark","Iceland",113
"Estonia","Iceland",59
"F.Y.R. Macedonia/North Macedonia","Iceland",8
"Finland","Iceland",60
"France","Iceland",24
"Georgia","Iceland",6
"Germany","Iceland",52
"Greece","Iceland",29
"Hungary","Iceland",36
"Ireland","Iceland",62
"Israel","Iceland",43
"Italy","Iceland",36
"Latvia","Iceland",30
"Lithuania","Iceland",31
"Luxembourg","Iceland",13
"Malta","Iceland",46
"Moldova","Iceland",8
"Monaco","Iceland",5
"Montenegro","Iceland",5
"Netherlands","Iceland",54
"Norway","Iceland",110
"Poland","Iceland",26
"Portugal","Iceland",72
"Romania","Iceland",10
"Russia","Iceland",12
"San Marino","Iceland",14
"Serbia","Iceland",7
"Slovakia","Iceland",12
"Slovenia","Iceland",38
"Spain","Iceland",59
"Sweden","Iceland",119
"Switzerland","Iceland",42
"Turkey","Iceland",23
"Ukraine","Iceland",8
"United Kingdom","Iceland",82
"Yugoslavia","Iceland",4
"Albania","Ireland",5
"Andorra","Ireland",4
"Armenia","Ireland",3
"Austria","Ireland",168
"Azerbaijan","Ireland",1
"Belarus","Ireland",1
"Belgium","Ireland",160
"Bosnia & Herzegovina","Ireland",45
"Bulgaria","Ireland",4
"Croatia","Ireland",44
"Cyprus","Ireland",92
"Czech Republic","Ireland",10
"Denmark","Ireland",132
"Estonia","Ireland",44
"F.Y.R. Macedonia/North Macedonia","Ireland",7
"Finland","Ireland",121
"France","Ireland",120
"Germany","Ireland",157
"Greece","Ireland",99
"Hungary","Ireland",27
"Iceland","Ireland",58
"Israel","Ireland",68
"Italy","Ireland",118
"Latvia","Ireland",21
"Lithuania","Ireland",32
"Luxembourg","Ireland",116
"Malta","Ireland",86
"Monaco","Ireland",44
"Netherlands","Ireland",149
"Norway","Ireland",170
"Poland","Ireland",37
"Portugal","Ireland",128
"Romania","Ireland",20
"Russia","Ireland",22
"San Marino","Ireland",1
"Slovakia","Ireland",25
"Slovenia","Ireland",34
"Spain","Ireland",151
"Sweden","Ireland",227
"Switzerland","Ireland",182
"Turkey","Ireland",119
"Ukraine","Ireland",3
"United Kingdom","Ireland",243
"Yugoslavia","Ireland",61
"Albania","Israel",30
"Andorra","Israel",15
"Armenia","Israel",26
"Austria","Israel",85
"Azerbaijan","Israel",39
"Belarus","Israel",23
"Belgium","Israel",124
"Bosnia & Herzegovina","Israel",29
"Bulgaria","Israel",17
"Croatia","Israel",44
"Cyprus","Israel",66
"Czech Republic","Israel",16
"Denmark","Israel",55
"Estonia","Israel",21
"F.Y.R. Macedonia/North Macedonia","Israel",23
"Finland","Israel",153
"France","Israel",192
"Georgia","Israel",21
"Germany","Israel",131
"Greece","Israel",50
"Hungary","Israel",22
"Iceland","Israel",40
"Ireland","Israel",106
"Italy","Israel",76
"Latvia","Israel",13
"Lithuania","Israel",29
"Luxembourg","Israel",84
"Malta","Israel",72
"Moldova","Israel",23
"Monaco","Israel",38
"Montenegro","Israel",12
"Netherlands","Israel",134
"Norway","Israel",120
"Poland","Israel",54
"Portugal","Israel",128
"Romania","Israel",32
"Russia","Israel",40
"San Marino","Israel",24
"Serbia","Israel",35
"Slovakia","Israel",13
"Slovenia","Israel",31
"Spain","Israel",123
"Sweden","Israel",98
"Switzerland","Israel",141
"Turkey","Israel",50
"Ukraine","Israel",40
"United Kingdom","Israel",138
"Yugoslavia","Israel",61
"Albania","Italy",108
"Armenia","Italy",33
"Austria","Italy",117
"Azerbaijan","Italy",30
"Belarus","Italy",11
"Belgium","Italy",127
"Bosnia & Herzegovina","Italy",12
"Bulgaria","Italy",11
"Croatia","Italy",63
"Cyprus","Italy",110
"Czech Republic","Italy",25
"Denmark","Italy",33
"Estonia","Italy",34
"F.Y.R. Macedonia/North Macedonia","Italy",54
"Finland","Italy",172
"France","Italy",161
"Georgia","Italy",53
"Germany","Italy",112
"Greece","Italy",92
"Hungary","Italy",21
"Iceland","Italy",47
"Ireland","Italy",115
"Israel","Italy",65
"Latvia","Italy",33
"Lithuania","Italy",40
"Luxembourg","Italy",82
"Malta","Italy",147
"Moldova","Italy",22
"Monaco","Italy",55
"Montenegro","Italy",44
"Netherlands","Italy",74
"Norway","Italy",107
"Poland","Italy",40
"Portugal","Italy",200
"Romania","Italy",38
"Russia","Italy",30
"San Marino","Italy",87
"Serbia","Italy",49
"Slovakia","Italy",5
"Slovenia","Italy",80
"Spain","Italy",224
"Sweden","Italy",96
"Switzerland","Italy",176
"Turkey","Italy",76
"Ukraine","Italy",18
"United Kingdom","Italy",72
"Yugoslavia","Italy",94
"Andorra","Latvia",12
"Armenia","Latvia",2
"Austria","Latvia",19
"Azerbaijan","Latvia",5
"Belarus","Latvia",11
"Belgium","Latvia",32
"Bosnia & Herzegovina","Latvia",5
"Croatia","Latvia",14
"Cyprus","Latvia",9
"Czech Republic","Latvia",9
"Denmark","Latvia",31
"Estonia","Latvia",81
"F.Y.R. Macedonia/North Macedonia","Latvia",13
"Finland","Latvia",28
"France","Latvia",18
"Georgia","Latvia",13
"Germany","Latvia",34
"Greece","Latvia",14
"Hungary","Latvia",14
"Iceland","Latvia",24
"Ireland","Latvia",59
"Israel","Latvia",27
"Italy","Latvia",4
"Lithuania","Latvia",79
"Malta","Latvia",32
"Moldova","Latvia",14
"Monaco","Latvia",8
"Montenegro","Latvia",3
"Netherlands","Latvia",9
"Norway","Latvia",31
"Poland","Latvia",21
"Portugal","Latvia",16
"Romania","Latvia",7
"Russia","Latvia",22
"San Marino","Latvia",12
"Serbia","Latvia",1
"Slovenia","Latvia",32
"Spain","Latvia",25
"Sweden","Latvia",26
"Switzerland","Latvia",22
"Turkey","Latvia",6
"Ukraine","Latvia",13
"United Kingdom","Latvia",44
"Andorra","Lithuania",8
"Austria","Lithuania",8
"Azerbaijan","Lithuania",13
"Belarus","Lithuania",36
"Belgium","Lithuania",4
"Bosnia & Herzegovina","Lithuania",2
"Bulgaria","Lithuania",18
"Croatia","Lithuania",31
"Cyprus","Lithuania",9
"Czech Republic","Lithuania",4
"Denmark","Lithuania",21
"Estonia","Lithuania",39
"F.Y.R. Macedonia/North Macedonia","Lithuania",3
"Finland","Lithuania",17
"France","Lithuania",3
"Georgia","Lithuania",44
"Germany","Lithuania",8
"Greece","Lithuania",4
"Hungary","Lithuania",8
"Iceland","Lithuania",12
"Ireland","Lithuania",62
"Israel","Lithuania",21
"Italy","Lithuania",21
"Latvia","Lithuania",84
"Malta","Lithuania",10
"Moldova","Lithuania",8
"Monaco","Lithuania",7
"Montenegro","Lithuania",3
"Netherlands","Lithuania",19
"Norway","Lithuania",27
"Poland","Lithuania",26
"Portugal","Lithuania",15
"Romania","Lithuania",7
"Russia","Lithuania",29
"San Marino","Lithuania",14
"Serbia","Lithuania",17
"Serbia & Montenegro","Lithuania",3
"Slovenia","Lithuania",23
"Spain","Lithuania",7
"Sweden","Lithuania",6
"Switzerland","Lithuania",19
"Ukraine","Lithuania",28
"United Kingdom","Lithuania",50
"Austria","Luxembourg",72
"Belgium","Luxembourg",76
"Cyprus","Luxembourg",32
"Denmark","Luxembourg",36
"Finland","Luxembourg",83
"France","Luxembourg",89
"Germany","Luxembourg",83
"Greece","Luxembourg",25
"Iceland","Luxembourg",9
"Ireland","Luxembourg",95
"Israel","Luxembourg",45
"Italy","Luxembourg",79
"Malta","Luxembourg",36
"Monaco","Luxembourg",43
"Netherlands","Luxembourg",81
"Norway","Luxembourg",61
"Portugal","Luxembourg",97
"Slovenia","Luxembourg",1
"Spain","Luxembourg",71
"Sweden","Luxembourg",81
"Switzerland","Luxembourg",53
"Turkey","Luxembourg",26
"United Kingdom","Luxembourg",87
"Yugoslavia","Luxembourg",69
"Albania","Malta",19
"Andorra","Malta",7
"Armenia","Malta",18
"Austria","Malta",60
"Azerbaijan","Malta",44
"Belarus","Malta",32
"Belgium","Malta",56
"Bosnia & Herzegovina","Malta",46
"Bulgaria","Malta",12
"Croatia","Malta",85
"Cyprus","Malta",69
"Czech Republic","Malta",16
"Denmark","Malta",66
"Estonia","Malta",41
"F.Y.R. Macedonia/North Macedonia","Malta",35
"Finland","Malta",42
"France","Malta",49
"Georgia","Malta",4
"Germany","Malta",77
"Greece","Malta",79
"Hungary","Malta",30
"Iceland","Malta",25
"Ireland","Malta",105
"Israel","Malta",47
"Italy","Malta",63
"Latvia","Malta",35
"Lithuania","Malta",28
"Luxembourg","Malta",31
"Moldova","Malta",11
"Monaco","Malta",10
"Montenegro","Malta",18
"Netherlands","Malta",58
"Norway","Malta",74
"Poland","Malta",28
"Portugal","Malta",41
"Romania","Malta",39
"Russia","Malta",50
"San Marino","Malta",26
"Serbia","Malta",23
"Slovakia","Malta",34
"Slovenia","Malta",24
"Spain","Malta",92
"Sweden","Malta",86
"Switzerland","Malta",53
"Turkey","Malta",78
"Ukraine","Malta",25
"United Kingdom","Malta",103
"Yugoslavia","Malta",17
"Albania","Moldova",2
"Andorra","Moldova",4
"Armenia","Moldova",24
"Austria","Moldova",10
"Azerbaijan","Moldova",46
"Belarus","Moldova",35
"Belgium","Moldova",9
"Bosnia & Herzegovina","Moldova",4
"Bulgaria","Moldova",25
"Croatia","Moldova",15
"Cyprus","Moldova",14
"Czech Republic","Moldova",3
"Denmark","Moldova",10
"Estonia","Moldova",6
"F.Y.R. Macedonia/North Macedonia","Moldova",19
"Finland","Moldova",5
"France","Moldova",10
"Georgia","Moldova",9
"Germany","Moldova",5
"Greece","Moldova",53
"Hungary","Moldova",11
"Iceland","Moldova",8
"Ireland","Moldova",13
"Israel","Moldova",18
"Italy","Moldova",29
"Latvia","Moldova",9
"Lithuania","Moldova",16
"Malta","Moldova",2
"Montenegro","Moldova",16
"Netherlands","Moldova",2
"Norway","Moldova",14
"Poland","Moldova",14
"Portugal","Moldova",58
"Romania","Moldova",122
"Russia","Moldova",64
"San Marino","Moldova",23
"Serbia","Moldova",19
"Serbia & Montenegro","Moldova",5
"Slovakia","Moldova",5
"Slovenia","Moldova",11
"Spain","Moldova",33
"Sweden","Moldova",10
"Switzerland","Moldova",2
"Turkey","Moldova",22
"Ukraine","Moldova",53
"United Kingdom","Moldova",16
"Austria","Monaco",28
"Belgium","Monaco",38
"Denmark","Monaco",16
"Finland","Monaco",41
"France","Monaco",42
"Germany","Monaco",55
"Greece","Monaco",16
"Ireland","Monaco",38
"Israel","Monaco",24
"Italy","Monaco",56
"Luxembourg","Monaco",41
"Malta","Monaco",11
"Netherlands","Monaco",46
"Norway","Monaco",32
"Portugal","Monaco",31
"Spain","Monaco",39
"Sweden","Monaco",43
"Switzerland","Monaco",40
"Turkey","Monaco",5
"United Kingdom","Monaco",58
"Yugoslavia","Monaco",31
"Albania","Montenegro",12
"Armenia","Montenegro",20
"Azerbaijan","Montenegro",2
"F.Y.R. Macedonia/North Macedonia","Montenegro",16
"Serbia","Montenegro",12
"Slovenia","Montenegro",17
"Sweden","Montenegro",2
"Albania","Netherlands",10
"Armenia","Netherlands",17
"Austria","Netherlands",132
"Azerbaijan","Netherlands",4
"Belarus","Netherlands",13
"Belgium","Netherlands",142
"Bosnia & Herzegovina","Netherlands",18
"Bulgaria","Netherlands",14
"Croatia","Netherlands",33
"Cyprus","Netherlands",32
"Czech Republic","Netherlands",21
"Denmark","Netherlands",86
"Estonia","Netherlands",45
"F.Y.R. Macedonia/North Macedonia","Netherlands",21
"Finland","Netherlands",103
"France","Netherlands",157
"Georgia","Netherlands",20
"Germany","Netherlands",141
"Greece","Netherlands",64
"Hungary","Netherlands",48
"Iceland","Netherlands",61
"Ireland","Netherlands",140
"Israel","Netherlands",119
"Italy","Netherlands",92
"Latvia","Netherlands",36
"Lithuania","Netherlands",43
"Luxembourg","Netherlands",82
"Malta","Netherlands",54
"Moldova","Netherlands",4
"Monaco","Netherlands",33
"Montenegro","Netherlands",6
"Norway","Netherlands",125
"Poland","Netherlands",43
"Portugal","Netherlands",104
"Romania","Netherlands",33
"Russia","Netherlands",17
"San Marino","Netherlands",16
"Serbia","Netherlands",12
"Slovakia","Netherlands",6
"Slovenia","Netherlands",58
"Spain","Netherlands",116
"Sweden","Netherlands",115
"Switzerland","Netherlands",142
"Turkey","Netherlands",76
"Ukraine","Netherlands",19
"United Kingdom","Netherlands",109
"Yugoslavia","Netherlands",67
"Albania","Norway",16
"Andorra","Norway",13
"Armenia","Norway",30
"Austria","Norway",64
"Azerbaijan","Norway",15
"Belarus","Norway",43
"Belgium","Norway",142
"Bosnia & Herzegovina","Norway",32
"Bulgaria","Norway",7
"Croatia","Norway",46
"Cyprus","Norway",68
"Czech Republic","Norway",5
"Denmark","Norway",156
"Estonia","Norway",89
"F.Y.R. Macedonia/North Macedonia","Norway",18
"Finland","Norway",130
"France","Norway",71
"Georgia","Norway",22
"Germany","Norway",147
"Greece","Norway",58
"Hungary","Norway",46
"Iceland","Norway",146
"Ireland","Norway",159
"Israel","Norway",99
"Italy","Norway",76
"Latvia","Norway",70
"Lithuania","Norway",51
"Luxembourg","Norway",49
"Malta","Norway",60
"Moldova","Norway",30
"Monaco","Norway",27
"Montenegro","Norway",21
"Netherlands","Norway",132
"Poland","Norway",68
"Portugal","Norway",96
"Romania","Norway",32
"Russia","Norway",55
"San Marino","Norway",31
"Serbia","Norway",27
"Serbia & Montenegro","Norway",2
"Slovakia","Norway",13
"Slovenia","Norway",65
"Spain","Norway",72
"Sweden","Norway",213
"Switzerland","Norway",104
"Turkey","Norway",51
"Ukraine","Norway",38
"United Kingdom","Norway",114
"Yugoslavia","Norway",27
"Armenia","Poland",1
"Austria","Poland",34
"Azerbaijan","Poland",12
"Belarus","Poland",9
"Belgium","Poland",7
"Bosnia & Herzegovina","Poland",25
"Bulgaria","Poland",7
"Croatia","Poland",8
"Cyprus","Poland",7
"Czech Republic","Poland",1
"Denmark","Poland",6
"Estonia","Poland",19
"F.Y.R. Macedonia/North Macedonia","Poland",7
"Finland","Poland",8
"France","Poland",39
"Georgia","Poland",2
"Germany","Poland",56
"Greece","Poland",32
"Hungary","Poland",21
"Iceland","Poland",18
"Ireland","Poland",20
"Israel","Poland",8
"Italy","Poland",10
"Latvia","Poland",8
"Lithuania","Poland",29
"Malta","Poland",16
"Moldova","Poland",2
"Montenegro","Poland",5
"Netherlands","Poland",13
"Norway","Poland",21
"Portugal","Poland",10
"Romania","Poland",22
"Russia","Poland",6
"San Marino","Poland",5
"Slovakia","Poland",6
"Slovenia","Poland",15
"Spain","Poland",8
"Sweden","Poland",8
"Switzerland","Poland",10
"Turkey","Poland",7
"Ukraine","Poland",26
"United Kingdom","Poland",28
"Albania","Portugal",7
"Andorra","Portugal",16
"Armenia","Portugal",24
"Austria","Portugal",52
"Azerbaijan","Portugal",17
"Belarus","Portugal",10
"Belgium","Portugal",62
"Bosnia & Herzegovina","Portugal",2
"Bulgaria","Portugal",10
"Croatia","Portugal",32
"Cyprus","Portugal",30
"Czech Republic","Portugal",36
"Denmark","Portugal",32
"Estonia","Portugal",26
"F.Y.R. Macedonia/North Macedonia","Portugal",14
"Finland","Portugal",51
"France","Portugal",182
"Georgia","Portugal",27
"Germany","Portugal",64
"Greece","Portugal",62
"Hungary","Portugal",19
"Iceland","Portugal",69
"Ireland","Portugal",48
"Israel","Portugal",35
"Italy","Portugal",53
"Latvia","Portugal",24
"Lithuania","Portugal",33
"Luxembourg","Portugal",70
"Malta","Portugal",32
"Moldova","Portugal",19
"Monaco","Portugal",22
"Montenegro","Portugal",4
"Netherlands","Portugal",94
"Norway","Portugal",72
"Poland","Portugal",28
"Romania","Portugal",23
"Russia","Portugal",4
"San Marino","Portugal",17
"Serbia","Portugal",27
"Slovakia","Portugal",4
"Slovenia","Portugal",15
"Spain","Portugal",177
"Sweden","Portugal",62
"Switzerland","Portugal",112
"Turkey","Portugal",47
"Ukraine","Portugal",28
"United Kingdom","Portugal",58
"Yugoslavia","Portugal",30
"Albania","Romania",20
"Andorra","Romania",20
"Armenia","Romania",5
"Austria","Romania",28
"Azerbaijan","Romania",37
"Belarus","Romania",6
"Belgium","Romania",32
"Bosnia & Herzegovina","Romania",13
"Bulgaria","Romania",21
"Croatia","Romania",13
"Cyprus","Romania",53
"Denmark","Romania",24
"Estonia","Romania",5
"F.Y.R. Macedonia/North Macedonia","Romania",41
"Finland","Romania",6
"France","Romania",34
"Germany","Romania",11
"Greece","Romania",66
"Hungary","Romania",20
"Iceland","Romania",18
"Ireland","Romania",42
"Israel","Romania",89
"Italy","Romania",25
"Latvia","Romania",9
"Lithuania","Romania",5
"Malta","Romania",54
"Moldova","Romania",137
"Monaco","Romania",4
"Montenegro","Romania",11
"Netherlands","Romania",13
"Norway","Romania",31
"Poland","Romania",24
"Portugal","Romania",58
"Russia","Romania",39
"San Marino","Romania",1
"Serbia","Romania",8
"Serbia & Montenegro","Romania",7
"Slovakia","Romania",1
"Slovenia","Romania",12
"Spain","Romania",125
"Sweden","Romania",23
"Switzerland","Romania",5
"Turkey","Romania",33
"Ukraine","Romania",11
"United Kingdom","Romania",18
"Albania","Russia",33
"Andorra","Russia",14
"Armenia","Russia",102
"Austria","Russia",42
"Azerbaijan","Russia",91
"Belarus","Russia",142
"Belgium","Russia",49
"Bosnia & Herzegovina","Russia",23
"Bulgaria","Russia",42
"Croatia","Russia",71
"Cyprus","Russia",106
"Czech Republic","Russia",31
"Denmark","Russia",38
"Estonia","Russia",157
"F.Y.R. Macedonia/North Macedonia","Russia",55
"Finland","Russia",66
"France","Russia",49
"Georgia","Russia",43
"Germany","Russia",70
"Greece","Russia",93
"Hungary","Russia",38
"Iceland","Russia",49
"Ireland","Russia",57
"Israel","Russia",119
"Italy","Russia",20
"Latvia","Russia",141
"Lithuania","Russia",105
"Malta","Russia",71
"Moldova","Russia",112
"Montenegro","Russia",50
"Netherlands","Russia",44
"Norway","Russia",47
"Poland","Russia",43
"Portugal","Russia",55
"Romania","Russia",73
"San Marino","Russia",27
"Serbia","Russia",47
"Serbia & Montenegro","Russia",6
"Slovakia","Russia",9
"Slovenia","Russia",69
"Spain","Russia",57
"Sweden","Russia",49
"Switzerland","Russia",15
"Turkey","Russia",43
"Ukraine","Russia",104
"United Kingdom","Russia",43
"Albania","San Marino",8
"Armenia","San Marino",3
"Azerbaijan","San Marino",3
"Denmark","San Marino",5
"France","San Marino",4
"Greece","San Marino",13
"Hungary","San Marino",4
"Malta","San Marino",2
"Moldova","San Marino",1
"Poland","San Marino",12
"Russia","San Marino",5
"United Kingdom","San Marino",3
"Albania","Serbia",17
"Armenia","Serbia",11
"Austria","Serbia",34
"Azerbaijan","Serbia",12
"Belarus","Serbia",8
"Belgium","Serbia",16
"Bosnia & Herzegovina","Serbia",64
"Bulgaria","Serbia",27
"Croatia","Serbia",79
"Cyprus","Serbia",20
"Czech Republic","Serbia",17
"Denmark","Serbia",6
"Estonia","Serbia",4
"F.Y.R. Macedonia/North Macedonia","Serbia",94
"Finland","Serbia",23
"France","Serbia",33
"Georgia","Serbia",6
"Germany","Serbia",34
"Greece","Serbia",20
"Hungary","Serbia",23
"Iceland","Serbia",15
"Ireland","Serbia",9
"Israel","Serbia",5
"Italy","Serbia",17
"Latvia","Serbia",3
"Lithuania","Serbia",11
"Malta","Serbia",14
"Moldova","Serbia",9
"Montenegro","Serbia",90
"Netherlands","Serbia",31
"Norway","Serbia",32
"Poland","Serbia",25
"Portugal","Serbia",17
"Romania","Serbia",21
"Russia","Serbia",13
"San Marino","Serbia",14
"Slovakia","Serbia",7
"Slovenia","Serbia",71
"Spain","Serbia",11
"Sweden","Serbia",37
"Switzerland","Serbia",55
"Ukraine","Serbia",8
"United Kingdom","Serbia",4
"Albania","Serbia & Montenegro",13
"Andorra","Serbia & Montenegro",2
"Austria","Serbia & Montenegro",24
"Belarus","Serbia & Montenegro",10
"Belgium","Serbia & Montenegro",3
"Bosnia & Herzegovina","Serbia & Montenegro",22
"Bulgaria","Serbia & Montenegro",4
"Croatia","Serbia & Montenegro",24
"Cyprus","Serbia & Montenegro",20
"Denmark","Serbia & Montenegro",7
"Estonia","Serbia & Montenegro",1
"F.Y.R. Macedonia/North Macedonia","Serbia & Montenegro",20
"Finland","Serbia & Montenegro",10
"France","Serbia & Montenegro",16
"Germany","Serbia & Montenegro",13
"Greece","Serbia & Montenegro",14
"Hungary","Serbia & Montenegro",2
"Iceland","Serbia & Montenegro",7
"Ireland","Serbia & Montenegro",3
"Israel","Serbia & Montenegro",7
"Latvia","Serbia & Montenegro",6
"Lithuania","Serbia & Montenegro",2
"Malta","Serbia & Montenegro",6
"Moldova","Serbia & Montenegro",1
"Monaco","Serbia & Montenegro",7
"Netherlands","Serbia & Montenegro",14
"Norway","Serbia & Montenegro",6
"Poland","Serbia & Montenegro",5
"Portugal","Serbia & Montenegro",7
"Romania","Serbia & Montenegro",14
"Russia","Serbia & Montenegro",16
"Slovenia","Serbia & Montenegro",22
"Spain","Serbia & Montenegro",6
"Sweden","Serbia & Montenegro",16
"Switzerland","Serbia & Montenegro",24
"Turkey","Serbia & Montenegro",8
"Ukraine","Serbia & Montenegro",15
"United Kingdom","Serbia & Montenegro",3
"Croatia","Slovakia",8
"Greece","Slovakia",7
"Malta","Slovakia",20
"Poland","Slovakia",5
"Spain","Slovakia",2
"Austria","Slovenia",19
"Azerbaijan","Slovenia",7
"Belarus","Slovenia",8
"Belgium","Slovenia",4
"Bosnia & Herzegovina","Slovenia",61
"Croatia","Slovenia",69
"Cyprus","Slovenia",11
"Czech Republic","Slovenia",23
"Denmark","Slovenia",7
"Estonia","Slovenia",11
"F.Y.R. Macedonia/North Macedonia","Slovenia",29
"Finland","Slovenia",11
"France","Slovenia",16
"Georgia","Slovenia",4
"Germany","Slovenia",10
"Greece","Slovenia",19
"Hungary","Slovenia",14
"Iceland","Slovenia",13
"Ireland","Slovenia",24
"Israel","Slovenia",17
"Italy","Slovenia",4
"Latvia","Slovenia",11
"Lithuania","Slovenia",23
"Malta","Slovenia",16
"Montenegro","Slovenia",20
"Netherlands","Slovenia",13
"Norway","Slovenia",7
"Poland","Slovenia",27
"Portugal","Slovenia",19
"Romania","Slovenia",10
"Russia","Slovenia",29
"San Marino","Slovenia",7
"Serbia","Slovenia",32
"Slovakia","Slovenia",1
"Spain","Slovenia",16
"Sweden","Slovenia",18
"Switzerland","Slovenia",2
"Turkey","Slovenia",15
"Ukraine","Slovenia",12
"United Kingdom","Slovenia",17
"Albania","Spain",61
"Andorra","Spain",60
"Armenia","Spain",31
"Austria","Spain",82
"Azerbaijan","Spain",14
"Belarus","Spain",2
"Belgium","Spain",157
"Bosnia & Herzegovina","Spain",30
"Bulgaria","Spain",21
"Croatia","Spain",48
"Cyprus","Spain",131
"Czech Republic","Spain",10
"Denmark","Spain",41
"Estonia","Spain",15
"F.Y.R. Macedonia/North Macedonia","Spain",17
"Finland","Spain",99
"France","Spain",174
"Georgia","Spain",7
"Germany","Spain",134
"Greece","Spain",142
"Hungary","Spain",18
"Iceland","Spain",32
"Ireland","Spain",86
"Israel","Spain",123
"Italy","Spain",120
"Latvia","Spain",21
"Lithuania","Spain",17
"Luxembourg","Spain",91
"Malta","Spain",72
"Moldova","Spain",19
"Monaco","Spain",57
"Montenegro","Spain",14
"Netherlands","Spain",93
"Norway","Spain",93
"Poland","Spain",22
"Portugal","Spain",209
"Romania","Spain",49
"Russia","Spain",22
"San Marino","Spain",15
"Serbia","Spain",7
"Slovakia","Spain",4
"Slovenia","Spain",23
"Sweden","Spain",75
"Switzerland","Spain",177
"Turkey","Spain",118
"Ukraine","Spain",6
"United Kingdom","Spain",96
"Yugoslavia","Spain",49
"Albania","Sweden",67
"Andorra","Sweden",17
"Armenia","Sweden",62
"Austria","Sweden",186
"Azerbaijan","Sweden",39
"Belarus","Sweden",48
"Belgium","Sweden",186
"Bosnia & Herzegovina","Sweden",52
"Bulgaria","Sweden",14
"Croatia","Sweden",45
"Cyprus","Sweden",130
"Czech Republic","Sweden",69
"Denmark","Sweden",329
"Estonia","Sweden",189
"F.Y.R. Macedonia/North Macedonia","Sweden",49
"Finland","Sweden",289
"France","Sweden",156
"Georgia","Sweden",58
"Germany","Sweden",206
"Greece","Sweden",64
"Hungary","Sweden",61
"Iceland","Sweden",209
"Ireland","Sweden",213
"Israel","Sweden",192
"Italy","Sweden",86
"Latvia","Sweden",117
"Lithuania","Sweden",96
"Luxembourg","Sweden",76
"Malta","Sweden",150
"Moldova","Sweden",72
"Monaco","Sweden",28
"Montenegro","Sweden",29
"Netherlands","Sweden",189
"Norway","Sweden",364
"Poland","Sweden",91
"Portugal","Sweden",146
"Romania","Sweden",85
"Russia","Sweden",46
"San Marino","Sweden",43
"Serbia","Sweden",58
"Serbia & Montenegro","Sweden",5
"Slovakia","Sweden",26
"Slovenia","Sweden",121
"Spain","Sweden",161
"Switzerland","Sweden",176
"Turkey","Sweden",84
"Ukraine","Sweden",58
"United Kingdom","Sweden",236
"Yugoslavia","Sweden",70
"Albania","Switzerland",29
"Andorra","Switzerland",1
"Armenia","Switzerland",12
"Austria","Switzerland",149
"Azerbaijan","Switzerland",4
"Belarus","Switzerland",14
"Belgium","Switzerland",136
"Bosnia & Herzegovina","Switzerland",4
"Bulgaria","Switzerland",7
"Croatia","Switzerland",22
"Cyprus","Switzerland",55
"Czech Republic","Switzerland",11
"Denmark","Switzerland",106
"Estonia","Switzerland",34
"F.Y.R. Macedonia/North Macedonia","Switzerland",10
"Finland","Switzerland",140
"France","Switzerland",108
"Georgia","Switzerland",14
"Germany","Switzerland",125
"Greece","Switzerland",62
"Hungary","Switzerland",7
"Iceland","Switzerland",67
"Ireland","Switzerland",124
"Israel","Switzerland",80
"Italy","Switzerland",106
"Latvia","Switzerland",30
"Lithuania","Switzerland",25
"Luxembourg","Switzerland",106
"Malta","Switzerland",60
"Moldova","Switzerland",10
"Monaco","Switzerland",52
"Montenegro","Switzerland",5
"Netherlands","Switzerland",161
"Norway","Switzerland",125
"Poland","Switzerland",30
"Portugal","Switzerland",108
"Romania","Switzerland",25
"Russia","Switzerland",13
"San Marino","Switzerland",7
"Serbia","Switzerland",11
"Slovakia","Switzerland",4
"Slovenia","Switzerland",38
"Spain","Switzerland",69
"Sweden","Switzerland",94
"Turkey","Switzerland",60
"Ukraine","Switzerland",19
"United Kingdom","Switzerland",171
"Yugoslavia","Switzerland",81
"Albania","Turkey",71
"Andorra","Turkey",3
"Armenia","Turkey",4
"Austria","Turkey",60
"Azerbaijan","Turkey",48
"Belarus","Turkey",9
"Belgium","Turkey",108
"Bosnia & Herzegovina","Turkey",95
"Bulgaria","Turkey",46
"Croatia","Turkey",48
"Cyprus","Turkey",12
"Czech Republic","Turkey",1
"Denmark","Turkey",58
"Estonia","Turkey",12
"F.Y.R. Macedonia/North Macedonia","Turkey",79
"Finland","Turkey",41
"France","Turkey",151
"Georgia","Turkey",20
"Germany","Turkey",170
"Greece","Turkey",36
"Hungary","Turkey",20
"Iceland","Turkey",21
"Ireland","Turkey",16
"Israel","Turkey",33
"Italy","Turkey",23
"Latvia","Turkey",2
"Lithuania","Turkey",8
"Luxembourg","Turkey",19
"Malta","Turkey",63
"Moldova","Turkey",1
"Monaco","Turkey",11
"Montenegro","Turkey",4
"Netherlands","Turkey",132
"Norway","Turkey",50
"Poland","Turkey",10
"Portugal","Turkey",16
"Romania","Turkey",70
"Russia","Turkey",16
"San Marino","Turkey",9
"Serbia","Turkey",3
"Serbia & Montenegro","Turkey",2
"Slovenia","Turkey",15
"Spain","Turkey",53
"Sweden","Turkey",54
"Switzerland","Turkey",104
"Ukraine","Turkey",21
"United Kingdom","Turkey",94
"Yugoslavia","Turkey",42
"Albania","Ukraine",23
"Andorra","Ukraine",33
"Armenia","Ukraine",65
"Austria","Ukraine",14
"Azerbaijan","Ukraine",104
"Belarus","Ukraine",103
"Belgium","Ukraine",38
"Bosnia & Herzegovina","Ukraine",31
"Bulgaria","Ukraine",39
"Croatia","Ukraine",49
"Cyprus","Ukraine",52
"Czech Republic","Ukraine",41
"Denmark","Ukraine",36
"Estonia","Ukraine",69
"F.Y.R. Macedonia/North Macedonia","Ukraine",41
"Finland","Ukraine",21
"France","Ukraine",19
"Georgia","Ukraine",82
"Germany","Ukraine",33
"Greece","Ukraine",49
"Hungary","Ukraine",26
"Iceland","Ukraine",45
"Ireland","Ukraine",42
"Israel","Ukraine",102
"Italy","Ukraine",46
"Latvia","Ukraine",106
"Lithuania","Ukraine",94
"Malta","Ukraine",51
"Moldova","Ukraine",115
"Monaco","Ukraine",8
"Montenegro","Ukraine",19
"Netherlands","Ukraine",27
"Norway","Ukraine",26
"Poland","Ukraine",106
"Portugal","Ukraine",77
"Romania","Ukraine",44
"Russia","Ukraine",83
"San Marino","Ukraine",14
"Serbia","Ukraine",44
"Serbia & Montenegro","Ukraine",12
"Slovakia","Ukraine",13
"Slovenia","Ukraine",42
"Spain","Ukraine",50
"Sweden","Ukraine",24
"Switzerland","Ukraine",11
"Turkey","Ukraine",39
"United Kingdom","Ukraine",40
"Albania","United Kingdom",38
"Andorra","United Kingdom",6
"Armenia","United Kingdom",15
"Austria","United Kingdom",201
"Azerbaijan","United Kingdom",19
"Belarus","United Kingdom",6
"Belgium","United Kingdom",199
"Bosnia & Herzegovina","United Kingdom",33
"Bulgaria","United Kingdom",29
"Croatia","United Kingdom",66
"Cyprus","United Kingdom",88
"Czech Republic","United Kingdom",27
"Denmark","United Kingdom",154
"Estonia","United Kingdom",57
"F.Y.R. Macedonia/North Macedonia","United Kingdom",36
"Finland","United Kingdom",162
"France","United Kingdom",207
"Georgia","United Kingdom",19
"Germany","United Kingdom",200
"Greece","United Kingdom",86
"Hungary","United Kingdom",38
"Iceland","United Kingdom",51
"Ireland","United Kingdom",246
"Israel","United Kingdom",165
"Italy","United Kingdom",136
"Latvia","United Kingdom",38
"Lithuania","United Kingdom",32
"Luxembourg","United Kingdom",174
"Malta","United Kingdom",146
"Moldova","United Kingdom",15
"Monaco","United Kingdom",83
"Montenegro","United Kingdom",7
"Netherlands","United Kingdom",158
"Norway","United Kingdom",169
"Poland","United Kingdom",47
"Portugal","United Kingdom",186
"Romania","United Kingdom",28
"Russia","United Kingdom",38
"San Marino","United Kingdom",38
"Serbia","United Kingdom",11
"Slovakia","United Kingdom",17
"Slovenia","United Kingdom",50
"Spain","United Kingdom",157
"Sweden","United Kingdom",180
"Switzerland","United Kingdom",213
"Turkey","United Kingdom",126
"Ukraine","United Kingdom",25
"Yugoslavia","United Kingdom",95
"Austria","Yugoslavia",37
"Belgium","Yugoslavia",63
"Cyprus","Yugoslavia",59
"Denmark","Yugoslavia",53
"Finland","Yugoslavia",49
"France","Yugoslavia",43
"Germany","Yugoslavia",35
"Greece","Yugoslavia",18
"Iceland","Yugoslavia",48
"Ireland","Yugoslavia",49
"Israel","Yugoslavia",68
"Italy","Yugoslavia",32
"Luxembourg","Yugoslavia",40
"Malta","Yugoslavia",10
"Monaco","Yugoslavia",18
"Netherlands","Yugoslavia",40
"Norway","Yugoslavia",42
"Portugal","Yugoslavia",30
"Spain","Yugoslavia",51
"Sweden","Yugoslavia",45
"Switzerland","Yugoslavia",29
"Turkey","Yugoslavia",80
"United Kingdom","Yugoslavia",69
